{
  "disabledDurabilityTooltip": {
    "value": false,
    "_comment": "Set to true to disable the durability tooltip on hammers"
  },
  "durabilityPerRepairItem": {
    "value": 400,
    "_comment": "The amount of durability restored per repair item"
  },
  "durabilityRepairPercentage": {
    "value": 33.33,
    "_comment": "The percentage of durability restored per repair item"
  },
  "durabilityRepairPercentageNetherite": {
    "value": 100.0,
    "_comment": "The percentage of durability restored per repair item for netherite hammers"
  }
}