{
  "mod_priorities": [
    "minecraft",
    "kubejs",
    "ftbmaterials",
    "mekanism",
    "occultism",
    "modern_industrialization",
    "xycraft_world",
    "xycraft_machines",
    "mysticalagriculture",
    "forbidden_arcanus",
    "ae2",
    "megacells",
    "enderio",
    "actuallyadditions",
    "mob_grinding_utils",
    "justdirethings",
    "immersiveengineering",
    "oritech",
    "create"
  ],
  "priority_overrides": {},
  "stone_variants": [
    "stone",
    "andesite",
    "deepslate",
    "diorite",
    "granite",
    "nether",
    "end",
    "kivi"
  ],
  "tags": [
    "c:dusts/{material}",
    "c:gears/{material}",
    "c:gems/{material}",
    "c:ingots/{material}",
    "c:nuggets/{material}",
    "c:ores/{material}",
    "c:plates/{material}",
    "c:raw_materials/{material}",
    "c:rods/{material}",
    "c:storage_blocks/raw_{material}",
    "c:storage_blocks/{material}",
    "c:wires/{material}",
    "c:plastics",
    "c:sawdust"
  ],
  "ignored_tags": [],
  "ignored_items": ["xycraft_world:raw_aluminum_block", "oritech:biosteel_ingot", "oritech:biosteel_block", "oritech:biosteel_dust", "oritech:plastic_sheet"],
  "ignored_recipe_types": [
    "cucumber:shaped_tag"
  ],
  "ignored_recipe_ids": [],
  "recipe_viewer_hiding": true,
  "loot_unification": true,
  "ignored_loot_tables": []
}